{"last_tab":"","background_opt":{"background-color":"#ffffff","background-repeat":"","background-size":"","background-attachment":"","background-position":"","background-image":"","media":{"id":"","height":"","width":"","thumbnail":""}},"page_content_background":{"background-color":"#ffffff","background-repeat":"","background-size":"","background-attachment":"","background-position":"","background-image":"","media":{"id":"","height":"","width":"","thumbnail":""}},"border_color":{"border-top":"","border-right":"","border-bottom":"","border-left":"","border-style":"solid","border-color":"#ebebeb"},"back_to_top":"1","primary_color":"#e53131","sale_color":"#ffffff","saletext_color":"#e53131","rate_color":"#e53131","link_color":{"regular":"#e53131","hover":"#333333","active":"#333333"},"text_selected_bg":"#1187c1","text_selected_color":"#ffffff","header_layout":"Fashion Header 1","header_bg":{"background-color":"#ffffff","background-repeat":"","background-size":"","background-attachment":"","background-position":"","background-image":"","media":{"id":"","height":"","width":"","thumbnail":""}},"header_color":"#8d8d8d","header_link_color":{"regular":"#8d8d8d","hover":"#e53131","active":"#e53131"},"header_border_color":{"color":"#ffffff","alpha":"0.1","rgba":"rgba(255,255,255,0.1)"},"sticky_header":"1","header_sticky_bg":{"color":"#ffffff","alpha":"0.8","rgba":"rgba(255,255,255,0.8)"},"topbar_color":"#999999","topbar_link_color":{"regular":"#999999","hover":"#cea679","active":"#cea679"},"mobile_menu_label":"Menu","sub_menu_bg":"#ffffff","sub_menu_color":"#292929","vsub_menu_bg":"#ffffff","categories_menu_label":"CATEGORIES","categories_menu_items":"8","categories_more_label":"More Categories","categories_less_label":"Less Categories","categories_menu_home":"1","categories_menu_sub":"","social_icons":{"facebook":"https:\/\/www.facebook.com\/","twitter":"https:\/\/twitter.com\/","instagram":"","tumblr":"","pinterest":"https:\/\/www.pinterest.com\/","google-plus":"","linkedin":"https:\/\/www.linkedin.com\/","behance":"","dribbble":"","youtube":"","vimeo":"https:\/\/vimeo.com\/","rss":""},"footer_layout":"Fashion Footer 1","footer_bg":{"background-color":"#222222","background-repeat":"","background-size":"","background-attachment":"","background-position":"","background-image":"","media":{"id":"","height":"","width":"","thumbnail":""}},"footer_border_color":{"color":"#ffffff","alpha":"0.1","rgba":"rgba(255,255,255,0.1)"},"footer_color":"#999999","footer_link_color":{"regular":"#999999","hover":"#e53131","active":"#e53131"},"copyright":"Copyright 2018 Plazathemes. All Rights Reserved","bodyfont":{"font-family":"Libre Franklin","font-options":"","google":"1","font-backup":"","font-weight":"400","font-style":"","font-size":"14px","line-height":"20px","color":"#555555"},"headingfont":{"font-family":"Libre Franklin","font-options":"","google":"1","font-weight":"600","font-style":"","color":"#242424"},"menufont":{"font-family":"Libre Franklin","font-options":"","google":"1","font-weight":"500","font-style":"","font-size":"14px","color":"#242424"},"pricefont":{"font-family":"Libre Franklin","font-options":"","google":"1","font-weight":"600","font-style":"","font-size":"13px","color":"#242424"},"page_layout":"full","box_layout_width":"1230","preset_option":"1","enable_sswitcher":"","brandscroll":"1","brandanimate":"2000","brand_logos":[{"title":"","description":"","url":"","sort":"0","attachment_id":"","thumb":"","image":"","height":"","width":""}],"categoriescroll":"1","categoriesanimate":"2000","cate_images":[{"title":"","description":"","url":"","sort":"0","attachment_id":"","thumb":"","image":"","height":"","width":""}],"sidebarshop_pos":"left","sidebarse_pos":"left","sidebarblog_pos":"right","custom-sidebars":[""],"shop_layout":"sidebar","default_view":"grid-view","product_per_page":"12","products_styles":"style2","product_per_row":"3","product_per_row_fw":"4","product_excerpt_length":"80","second_image":"","upsells_title":"Upsell Products","crosssells_title":"Cross-Sells","bg_shop":{"url":"","id":"","height":"","width":"","thumbnail":"","title":"","caption":"","alt":"","description":""},"related_title":"Related Products","related_amount":"4","share_head_code":"","share_code":"","detail_link_text":"Quick View","quickview_link_text":"See all features","quickview":"1","blog_header_text":"Blog","blog_layout":"sidebar","readmore_text":"read more","excerpt_length":"22","blogscroll":"","blogpause":"3000","bloganimate":"2000","testiscroll":"1","testianimate":"2000","background_error":{"background-color":"#f2f2f2","background-repeat":"","background-size":"","background-attachment":"","background-position":"","background-image":"","media":{"id":"","height":"","width":"","thumbnail":""}},"enable_less":"1","redux-backup":"1"}