<?xml version="1.0" encoding="UTF-8" ?>
<!-- This is a WordPress eXtended RSS file generated by WordPress as an export of your site. -->
<!-- It contains information about your site's posts, pages, comments, categories, and other content. -->
<!-- You may use this file to transfer that content from one site to another. -->
<!-- This file is not intended to serve as a complete backup of your site. -->

<!-- To import this information into a WordPress site follow these steps: -->
<!-- 1. Log in to that site as an administrator. -->
<!-- 2. Go to Tools: Import in the WordPress admin panel. -->
<!-- 3. Install the "WordPress" importer from the list. -->
<!-- 4. Activate & Run Importer. -->
<!-- 5. Upload this file using the form provided on that page. -->
<!-- 6. You will first be asked to map the authors in this export file to users -->
<!--    on the site. For each author, you may choose to map to an -->
<!--    existing user on the site or to create a new user. -->
<!-- 7. WordPress will then import each of the posts, pages, comments, categories, etc. -->
<!--    contained in this file into your site. -->

<!-- generator="WordPress/4.9.8" created="2018-10-04 10:41" -->
<rss version="2.0"
	xmlns:excerpt="http://wordpress.org/export/1.2/excerpt/"
	xmlns:content="http://purl.org/rss/1.0/modules/content/"
	xmlns:wfw="http://wellformedweb.org/CommentAPI/"
	xmlns:dc="http://purl.org/dc/elements/1.1/"
	xmlns:wp="http://wordpress.org/export/1.2/"
>

<channel>
	<title>Beeta Cosmetic</title>
	<link>http://demo.roadthemes.com/beeta-cosmetic</link>
	<description>WooCommerce Theme</description>
	<pubDate>Thu, 04 Oct 2018 10:41:14 +0000</pubDate>
	<language>en-US</language>
	<wp:wxr_version>1.2</wp:wxr_version>
	<wp:base_site_url>http://demo.roadthemes.com/beeta-cosmetic</wp:base_site_url>
	<wp:base_blog_url>http://demo.roadthemes.com/beeta-cosmetic</wp:base_blog_url>

	<wp:author><wp:author_id>1</wp:author_id><wp:author_login><![CDATA[admin]]></wp:author_login><wp:author_email><![CDATA[demo@roadthemes.com]]></wp:author_email><wp:author_display_name><![CDATA[admin]]></wp:author_display_name><wp:author_first_name><![CDATA[]]></wp:author_first_name><wp:author_last_name><![CDATA[]]></wp:author_last_name></wp:author>


	<generator>https://wordpress.org/?v=4.9.8</generator>

	 
	<item>
		<title>Cosmetic Home 2</title>
		<link>http://demo.roadthemes.com/beeta-cosmetic/cosmetic-home-2/</link>
		<pubDate>Thu, 17 May 2018 07:00:49 +0000</pubDate>
		<dc:creator><![CDATA[admin]]></dc:creator>
		<guid isPermaLink="false">http://demo.roadthemes.com/beeta-cosmetic?page_id=9362</guid>
		<description></description>
		<content:encoded><![CDATA[[vc_row el_class="home-slider full-width" css=".vc_custom_1531385855602{margin-bottom: 30px !important;}"][vc_column][rev_slider_vc alias="home_slider_2"][/vc_column][/vc_row][vc_row el_class="products-carousel wrapper-padding full-width" css=".vc_custom_1531382043570{margin-bottom: 60px !important;}"][vc_column width="1/5" el_class="title-container"][vc_column_text el_class="module-title2"]
<h3><strong>Our</strong> <strong class="special-w">Featured</strong> <strong>products</strong></h3>
[/vc_column_text][/vc_column][vc_column width="4/5" el_class="owl-style2 action-link2 products-container"][featured_products_r per_page="6" columns="1" product_styles="Default" orderby="" order="" enable_slider="true" item_large="5" items="4" item_desktop="3" item_small="3" item_tablet="2" item_mobile="1" navigation="1" pagination="" speed="500" effect=""][/vc_column][/vc_row][vc_row el_class="products-carousel2 products-style3 layout2 owl-style3" css=".vc_custom_1530602530142{margin-bottom: 30px !important;background-color: #f8f8f8 !important;}"][vc_column el_class="show-countdown"][sale_products_r enable_time="true" per_page="1" columns="1" product_styles="style_3" orderby="" order="" enable_slider="" item_large="1" items="1" item_desktop="1" item_small="1" item_tablet="1" item_mobile="1" navigation="" pagination="" speed="500" effect=""][/vc_column][/vc_row][vc_row el_class="products-carousel wrapper-padding full-width" css=".vc_custom_1531382050145{margin-bottom: 60px !important;}"][vc_column width="1/5" el_class="title-container"][vc_column_text el_class="module-title2"]
<h3><strong>Top</strong> <strong class="special-w">Seller</strong> <strong>Products</strong></h3>
[/vc_column_text][/vc_column][vc_column width="4/5" el_class="owl-style2 action-link2 products-container"][bestselling_products_r per_page="6" columns="1" product_styles="Default" enable_slider="true" item_large="5" items="4" item_desktop="3" item_small="3" item_tablet="2" item_mobile="1" navigation="1" pagination="" speed="500" effect=""][/vc_column][/vc_row][vc_row css=".vc_custom_1531382147102{margin-bottom: 30px !important;background-image: url(http://demo.roadthemes.com/beeta-cosmeticwp-content/uploads/2018/05/banner3.jpg?id=9407) !important;background-position: center !important;background-repeat: no-repeat !important;background-size: cover !important;}" el_class="banner-3"][vc_column][vc_column_text]
<div class="text-content">
<h3>A Single Step Skin Perfector!</h3>
<h1>Makeup melt</h1>
<h2>cleansing balm</h2>
<a href="#">Shop collection now!</a>

</div>
[/vc_column_text][/vc_column][/vc_row][vc_row el_class="products-carousel wrapper-padding full-width" css=".vc_custom_1531382057378{margin-bottom: 60px !important;}"][vc_column width="1/5" el_class="title-container"][vc_column_text el_class="module-title2"]
<h3><strong>Our</strong> <strong class="special-w">2018</strong> <strong>Trend</strong> <strong>Products</strong></h3>
[/vc_column_text][/vc_column][vc_column width="4/5" el_class="owl-style2 action-link2 products-container"][recent_products_r per_page="6" columns="1" orderby="" product_styles="Default" order="" enable_slider="true" item_large="5" items="4" item_desktop="3" item_small="3" item_tablet="2" item_mobile="1" navigation="1" pagination="" speed="500" effect=""][/vc_column][/vc_row][vc_row el_class="newslletter" css=".vc_custom_1538646828822{margin-bottom: 0px !important;background: #908e91 url(http://roadthemes.com/api/beeta/uploads/2018/05/bg-newsletter.jpg?id=9444) !important;background-position: center !important;background-repeat: no-repeat !important;background-size: cover !important;}"][vc_column][vc_column_text]
<div class="newletter-title">
<h3>Get <strong>10%</strong> Discount</h3>
<label>Subscribe to the Theface mailing list to receive an update on special promotions, new products, other discount information and more</label>

</div>
[/vc_column_text][vc_column_text][mc4wp_form id="9116"][/vc_column_text][/vc_column][/vc_row][vc_row el_class="latest-posts" css=".vc_custom_1531384100812{margin-bottom: 0px !important;padding-top: 80px !important;padding-bottom: 80px !important;background-color: #f1f1f1 !important;}"][vc_column][vc_column_text el_class="module-title"]
<h3>From Our Blog</h3>
[/vc_column_text][latestposts colsnumber="3" enable_slider="true" items="3" item_desktop="3" item_small="2" item_tablet="2" item_mobile="1" navigation="1" pagination="" speed="500" effect=""][/vc_column][/vc_row]]]></content:encoded>
		<excerpt:encoded><![CDATA[]]></excerpt:encoded>
		<wp:post_id>9362</wp:post_id>
		<wp:post_date><![CDATA[2018-05-17 07:00:49]]></wp:post_date>
		<wp:post_date_gmt><![CDATA[2018-05-17 07:00:49]]></wp:post_date_gmt>
		<wp:comment_status><![CDATA[closed]]></wp:comment_status>
		<wp:ping_status><![CDATA[closed]]></wp:ping_status>
		<wp:post_name><![CDATA[cosmetic-home-2]]></wp:post_name>
		<wp:status><![CDATA[publish]]></wp:status>
		<wp:post_parent>0</wp:post_parent>
		<wp:menu_order>0</wp:menu_order>
		<wp:post_type><![CDATA[page]]></wp:post_type>
		<wp:post_password><![CDATA[]]></wp:post_password>
		<wp:is_sticky>0</wp:is_sticky>
		<wp:postmeta>
			<wp:meta_key><![CDATA[_vc_post_settings]]></wp:meta_key>
			<wp:meta_value><![CDATA[a:1:{s:10:"vc_grid_id";a:0:{}}]]></wp:meta_value>
		</wp:postmeta>
		<wp:postmeta>
			<wp:meta_key><![CDATA[_edit_last]]></wp:meta_key>
			<wp:meta_value><![CDATA[1]]></wp:meta_value>
		</wp:postmeta>
		<wp:postmeta>
			<wp:meta_key><![CDATA[_wp_page_template]]></wp:meta_key>
			<wp:meta_value><![CDATA[page-templates/demo2.php]]></wp:meta_value>
		</wp:postmeta>
		<wp:postmeta>
			<wp:meta_key><![CDATA[slide_template]]></wp:meta_key>
			<wp:meta_value><![CDATA[]]></wp:meta_value>
		</wp:postmeta>
		<wp:postmeta>
			<wp:meta_key><![CDATA[_theface_post_intro]]></wp:meta_key>
			<wp:meta_value><![CDATA[]]></wp:meta_value>
		</wp:postmeta>
		<wp:postmeta>
			<wp:meta_key><![CDATA[_theface_custom_sidebar]]></wp:meta_key>
			<wp:meta_value><![CDATA[]]></wp:meta_value>
		</wp:postmeta>
		<wp:postmeta>
			<wp:meta_key><![CDATA[_theface_custom_sidebar_pos]]></wp:meta_key>
			<wp:meta_value><![CDATA[left]]></wp:meta_value>
		</wp:postmeta>
		<wp:postmeta>
			<wp:meta_key><![CDATA[_wpb_vc_js_status]]></wp:meta_key>
			<wp:meta_value><![CDATA[true]]></wp:meta_value>
		</wp:postmeta>
		<wp:postmeta>
			<wp:meta_key><![CDATA[_wpb_shortcodes_custom_css]]></wp:meta_key>
			<wp:meta_value><![CDATA[.vc_custom_1531385855602{margin-bottom: 30px !important;}.vc_custom_1531382043570{margin-bottom: 60px !important;}.vc_custom_1530602530142{margin-bottom: 30px !important;background-color: #f8f8f8 !important;}.vc_custom_1531382050145{margin-bottom: 60px !important;}.vc_custom_1531382147102{margin-bottom: 30px !important;background-image: url(http://demo.roadthemes.com/beeta-cosmeticwp-content/uploads/2018/05/banner3.jpg?id=9407) !important;background-position: center !important;background-repeat: no-repeat !important;background-size: cover !important;}.vc_custom_1531382057378{margin-bottom: 60px !important;}.vc_custom_1538646828822{margin-bottom: 0px !important;background: #908e91 url(http://roadthemes.com/api/beeta/uploads/2018/05/bg-newsletter.jpg?id=9444) !important;background-position: center !important;background-repeat: no-repeat !important;background-size: cover !important;}.vc_custom_1531384100812{margin-bottom: 0px !important;padding-top: 80px !important;padding-bottom: 80px !important;background-color: #f1f1f1 !important;}]]></wp:meta_value>
		</wp:postmeta>
		<wp:postmeta>
			<wp:meta_key><![CDATA[_beeta_post_intro]]></wp:meta_key>
			<wp:meta_value><![CDATA[]]></wp:meta_value>
		</wp:postmeta>
		<wp:postmeta>
			<wp:meta_key><![CDATA[_beeta_custom_sidebar]]></wp:meta_key>
			<wp:meta_value><![CDATA[]]></wp:meta_value>
		</wp:postmeta>
		<wp:postmeta>
			<wp:meta_key><![CDATA[_beeta_custom_sidebar_pos]]></wp:meta_key>
			<wp:meta_value><![CDATA[left]]></wp:meta_value>
		</wp:postmeta>
	</item>
	 
	<item>
		<title>Cosmetic Footer 1</title>
		<link>http://demo.roadthemes.com/beeta-cosmetic/templatera/footer-1/</link>
		<pubDate>Thu, 26 Apr 2018 01:34:40 +0000</pubDate>
		<dc:creator><![CDATA[admin]]></dc:creator>
		<guid isPermaLink="false">http://127.0.0.1/wp/devita/?post_type=templatera&#038;p=9213</guid>
		<description></description>
		<content:encoded><![CDATA[<p>[vc_row el_class="brands-logo" css=".vc_custom_1531382285371{margin-bottom: 0px !important;padding-top: 50px !important;padding-bottom: 50px !important;background-color: #ffffff !important;}"][vc_column][ourbrands colsnumber="5" enable_slider="true" items="5" item_desktop="4" item_small="3" item_tablet="2" item_mobile="1" navigation="" pagination="" speed="500" effect=""][/vc_column][/vc_row][vc_row el_class="full-width banner-2 hover-style2" css=".vc_custom_1531380884935{margin-bottom: 0px !important;}"][vc_column width="1/3" el_class="col-img" offset="vc_col-xs-4"][vc_single_image image="9978" img_size="full" el_class="box-inner"][/vc_column][vc_column width="1/3" el_class="col-img" offset="vc_col-xs-4"][vc_single_image image="9979" img_size="full" el_class="box-inner"][/vc_column][vc_column width="1/3" el_class="col-img" offset="vc_col-xs-4"][vc_single_image image="9980" img_size="full" el_class="box-inner"][/vc_column][/vc_row][vc_row el_class="footer-top" css=".vc_custom_1531380918738{margin-bottom: 0px !important;}"][vc_column width="1/4" el_class="f-col"][vc_column_text el_class="footer-title"]</p>
<h3>About theface</h3>
<p>[/vc_column_text][vc_column_text el_class="footer-content about-us"]</p>
<div class="about-static">
<p class="short-aboutus">The new hero pieces bring instant fashion credibility. Bright florals clash with camouflage prints and the retro tracksuit comes best styled with statement furry sliders.</p>
<div class="social-footer">
<ul class="list-unstyled">
<li><a href="https://www.facebook.com/PlazaThemes1/"><i class="fa fa-facebook">facebook</i></a></li>
<li><a href="https://twitter.com/plazathemes"><i class="fa fa-twitter">twitter</i></a></li>
<li><a href="#"><i class="fa fa-rss">rss</i></a></li>
<li><a href="https://plus.google.com/+PlazaThemesMagento"><i class="fa fa-google-plus">google-plus</i></a></li>
<li><a href="https://www.linkedin.com/company/plazathemes"><i class="fa fa-linkedin">linkedin</i></a></li>
</ul>
</div>
</div>
<p>[/vc_column_text][/vc_column][vc_column width="1/4" el_class="f-col"][vc_column_text el_class="footer-title"]</p>
<h3>Information</h3>
<p>[/vc_column_text][vc_wp_custommenu nav_menu="49" el_class="footer-content"][/vc_column][vc_column width="1/4" el_class="f-col"][vc_column_text el_class="footer-title"]</p>
<h3>My Account</h3>
<p>[/vc_column_text][vc_wp_custommenu nav_menu="50" el_class="footer-content"][/vc_column][vc_column width="1/4" el_class="f-col"][vc_column_text el_class="footer-title"]</p>
<h3>Get in touch</h3>
<p>[/vc_column_text][vc_column_text el_class="footer-content newslletter"]</p>
<div class="contact-static">
<div class="info-contactus">
<ul class="list-unstyled">
<li><i class="fa fa-home"></i>123 Main Street, Anytown, CA 12345 USA.</li>
<li><i class="fa fa-phone"></i>(800) 123 456 789</li>
<li><i class="fa fa-fax"></i>123 456 789</li>
<li><i class="fa fa-envelope-open-o"></i>Contact@towerthemes.com</li>
</ul>
</div>
</div>
<p>[/vc_column_text][vc_single_image image="9886" img_size="full" alignment="center" el_class="payment"][/vc_column][/vc_row][vc_row el_class="footer-bottom" css=".vc_custom_1531380936833{margin-bottom: 0px !important;}"][vc_column width="1/2"][vc_column_text el_class="copy-right"]Copyright © 2018 Plazathemes. All Right Reserved.[/vc_column_text][/vc_column][vc_column width="1/2"][vc_single_image image="9973" img_size="full" alignment="right" el_class="logo-footer"][/vc_column][/vc_row]</p>
]]></content:encoded>
		<excerpt:encoded><![CDATA[]]></excerpt:encoded>
		<wp:post_id>9213</wp:post_id>
		<wp:post_date><![CDATA[2018-04-26 01:34:40]]></wp:post_date>
		<wp:post_date_gmt><![CDATA[2018-04-26 01:34:40]]></wp:post_date_gmt>
		<wp:comment_status><![CDATA[closed]]></wp:comment_status>
		<wp:ping_status><![CDATA[closed]]></wp:ping_status>
		<wp:post_name><![CDATA[footer-1]]></wp:post_name>
		<wp:status><![CDATA[publish]]></wp:status>
		<wp:post_parent>0</wp:post_parent>
		<wp:menu_order>0</wp:menu_order>
		<wp:post_type><![CDATA[templatera]]></wp:post_type>
		<wp:post_password><![CDATA[]]></wp:post_password>
		<wp:is_sticky>0</wp:is_sticky>
		<wp:postmeta>
			<wp:meta_key><![CDATA[_vc_post_settings]]></wp:meta_key>
			<wp:meta_value><![CDATA[a:1:{s:10:"vc_grid_id";a:0:{}}]]></wp:meta_value>
		</wp:postmeta>
		<wp:postmeta>
			<wp:meta_key><![CDATA[_vc_post_settings]]></wp:meta_key>
			<wp:meta_value><![CDATA[a:1:{s:10:"vc_grid_id";a:0:{}}]]></wp:meta_value>
		</wp:postmeta>
		<wp:postmeta>
			<wp:meta_key><![CDATA[_edit_last]]></wp:meta_key>
			<wp:meta_value><![CDATA[1]]></wp:meta_value>
		</wp:postmeta>
		<wp:postmeta>
			<wp:meta_key><![CDATA[slide_template]]></wp:meta_key>
			<wp:meta_value><![CDATA[default]]></wp:meta_value>
		</wp:postmeta>
		<wp:postmeta>
			<wp:meta_key><![CDATA[_wpb_vc_js_status]]></wp:meta_key>
			<wp:meta_value><![CDATA[true]]></wp:meta_value>
		</wp:postmeta> 
		<wp:postmeta>
			<wp:meta_key><![CDATA[_wpb_shortcodes_custom_css]]></wp:meta_key>
			<wp:meta_value><![CDATA[.vc_custom_1531382285371{margin-bottom: 0px !important;padding-top: 50px !important;padding-bottom: 50px !important;background-color: #ffffff !important;}.vc_custom_1531380884935{margin-bottom: 0px !important;}.vc_custom_1531380918738{margin-bottom: 0px !important;}.vc_custom_1531380936833{margin-bottom: 0px !important;}]]></wp:meta_value>
		</wp:postmeta>
	</item>
	<item>
		<title>Cosmetic Header 2</title>
		<link>http://demo.roadthemes.com/beeta-cosmetic/templatera/header-2/</link>
		<pubDate>Fri, 15 Jun 2018 02:35:01 +0000</pubDate>
		<dc:creator><![CDATA[admin]]></dc:creator>
		<guid isPermaLink="false">http://demo.roadthemes.com/beeta-cosmetic?post_type=templatera&#038;p=9463</guid>
		<description></description>
		<content:encoded><![CDATA[<p>[vc_row el_class="top-bar wrapper-padding" css=".vc_custom_1531381583128{margin-bottom: 0px !important;}"][vc_column width="2/3"][vc_column_text el_class="header-phone"]</p>
<ul>
<li><a href="#"><i class="fa fa-phone">phone</i>123456789</a></li>
<li><a href="#"><i class="fa fa-envelope-open-o">envelope-open-o</i>demo@towerthemes.com</a></li>
<li>
<div class="social-header">
<ul class="list-unstyled">
<li><a href="https://www.facebook.com/PlazaThemes1/"><i class="fa fa-facebook">facebook</i></a></li>
<li><a href="https://twitter.com/plazathemes"><i class="fa fa-twitter">twitter</i></a></li>
<li><a href="#"><i class="fa fa-rss">rss</i></a></li>
<li><a href="https://plus.google.com/+PlazaThemesMagento"><i class="fa fa-google-plus">google-plus</i></a></li>
<li><a href="https://www.linkedin.com/company/plazathemes"><i class="fa fa-linkedin">linkedin</i></a></li>
</ul>
</div>
</li>
</ul>
<p>[/vc_column_text][/vc_column][vc_column width="1/3" el_class="language-area"][vc_wp_custommenu nav_menu="47" el_class="currency switcher"][vc_wp_custommenu nav_menu="48" el_class="language switcher"][vc_wp_custommenu nav_menu="46" el_class="account switcher"][/vc_column][/vc_row][vc_row el_class="header-middle wrapper-padding" css=".vc_custom_1531381591431{margin-bottom: 0px !important;}"][vc_column width="1/6"][vc_single_image image="9972" img_size="full" el_class="logo"][/vc_column][vc_column width="2/3"][roadmainmenu sticky_logoimage="9972"][/vc_column][vc_column width="1/6" el_class="block-right"][roadminicart][roadproductssearch][/vc_column][/vc_row]</p>

]]></content:encoded>
		<excerpt:encoded><![CDATA[]]></excerpt:encoded>
		<wp:post_id>9463</wp:post_id>
		<wp:post_date><![CDATA[2018-06-15 02:35:01]]></wp:post_date>
		<wp:post_date_gmt><![CDATA[2018-06-15 02:35:01]]></wp:post_date_gmt>
		<wp:comment_status><![CDATA[closed]]></wp:comment_status>
		<wp:ping_status><![CDATA[closed]]></wp:ping_status>
		<wp:post_name><![CDATA[header-2]]></wp:post_name>
		<wp:status><![CDATA[publish]]></wp:status>
		<wp:post_parent>0</wp:post_parent>
		<wp:menu_order>0</wp:menu_order>
		<wp:post_type><![CDATA[templatera]]></wp:post_type>
		<wp:post_password><![CDATA[]]></wp:post_password>
		<wp:is_sticky>0</wp:is_sticky>
		<wp:postmeta>
			<wp:meta_key><![CDATA[_vc_post_settings]]></wp:meta_key>
			<wp:meta_value><![CDATA[a:1:{s:10:"vc_grid_id";a:0:{}}]]></wp:meta_value>
		</wp:postmeta>
		<wp:postmeta>
			<wp:meta_key><![CDATA[_edit_last]]></wp:meta_key>
			<wp:meta_value><![CDATA[1]]></wp:meta_value>
		</wp:postmeta>
		<wp:postmeta>
			<wp:meta_key><![CDATA[slide_template]]></wp:meta_key>
			<wp:meta_value><![CDATA[default]]></wp:meta_value>
		</wp:postmeta>
		<wp:postmeta>
			<wp:meta_key><![CDATA[_wpb_vc_js_status]]></wp:meta_key>
			<wp:meta_value><![CDATA[true]]></wp:meta_value>
		</wp:postmeta>
		<wp:postmeta>
			<wp:meta_key><![CDATA[_wpb_shortcodes_custom_css]]></wp:meta_key>
			<wp:meta_value><![CDATA[.vc_custom_1531381583128{margin-bottom: 0px !important;}.vc_custom_1531381591431{margin-bottom: 0px !important;}]]></wp:meta_value>
		</wp:postmeta>
	</item>
</channel>
</rss>
